"AGEGRP","Year","Population","Race","Sex"
"1","1900",4016000,"White","Male"
"1","1900",3913000,"White","Female"
"1","1900",623000,"NonWhite","Male"
"1","1900",629000,"NonWhite","Female"
"2","1900",3866000,"White","Male"
"2","1900",3779000,"White","Female"
"2","1900",617000,"NonWhite","Male"
"2","1900",618000,"NonWhite","Female"
"3","1900",3522000,"White","Male"
"3","1900",3443000,"White","Female"
"3","1900",564000,"NonWhite","Male"
"3","1900",557000,"NonWhite","Female"
"4","1900",3263000,"White","Male"
"4","1900",3289000,"White","Female"
"4","1900",494000,"NonWhite","Male"
"4","1900",522000,"NonWhite","Female"
"5","1900",3167000,"White","Male"
"5","1900",3201000,"White","Female"
"5","1900",486000,"NonWhite","Male"
"5","1900",529000,"NonWhite","Female"
"6","1900",2963000,"White","Male"
"6","1900",2832000,"White","Female"
"6","1900",386000,"NonWhite","Male"
"6","1900",391000,"NonWhite","Female"
"7","1900",2635000,"White","Male"
"7","1900",2395000,"White","Female"
"7","1900",286000,"NonWhite","Male"
"7","1900",273000,"NonWhite","Female"
"8","1900",2376000,"White","Male"
"8","1900",2109000,"White","Female"
"8","1900",260000,"NonWhite","Male"
"8","1900",251000,"NonWhite","Female"
"9","1900",2069000,"White","Male"
"9","1900",1806000,"White","Female"
"9","1900",205000,"NonWhite","Male"
"9","1900",197000,"NonWhite","Female"
"10","1900",1663000,"White","Male"
"10","1900",1459000,"White","Female"
"10","1900",188000,"NonWhite","Male"
"10","1900",165000,"NonWhite","Female"
"11","1900",1406000,"White","Male"
"11","1900",1243000,"White","Female"
"11","1900",171000,"NonWhite","Male"
"11","1900",142000,"NonWhite","Female"
"12","1900",1047000,"White","Male"
"12","1900",985000,"White","Female"
"12","1900",106000,"NonWhite","Male"
"12","1900",86000,"NonWhite","Female"
"13","1900",831000,"White","Male"
"13","1900",799000,"White","Female"
"13","1900",92000,"NonWhite","Male"
"13","1900",80000,"NonWhite","Female"
"14","1900",613000,"White","Male"
"14","1900",589000,"White","Female"
"14","1900",60000,"NonWhite","Male"
"14","1900",50000,"NonWhite","Female"
"15","1900",414000,"White","Male"
"15","1900",399000,"White","Female"
"15","1900",37000,"NonWhite","Male"
"15","1900",38000,"NonWhite","Female"
"16","1900",398000,"White","Male"
"16","1900",410000,"White","Female"
"16","1900",43000,"NonWhite","Male"
"16","1900",48000,"NonWhite","Female"
"1","1910",4749000,"White","Male"
"1","1910",4614000,"White","Female"
"1","1910",652000,"NonWhite","Male"
"1","1910",656000,"NonWhite","Female"
"2","1910",4306000,"White","Male"
"2","1910",4208000,"White","Female"
"2","1910",640000,"NonWhite","Male"
"2","1910",649000,"NonWhite","Female"
"3","1910",4024000,"White","Male"
"3","1910",3931000,"White","Female"
"3","1910",597000,"NonWhite","Male"
"3","1910",595000,"NonWhite","Female"
"4","1910",4014000,"White","Male"
"4","1910",3983000,"White","Female"
"4","1910",529000,"NonWhite","Male"
"4","1910",569000,"NonWhite","Female"
"5","1910",4099000,"White","Male"
"5","1910",3938000,"White","Female"
"5","1910",514000,"NonWhite","Male"
"5","1910",566000,"NonWhite","Female"
"6","1910",3824000,"White","Male"
"6","1910",3488000,"White","Female"
"6","1910",456000,"NonWhite","Male"
"6","1910",475000,"NonWhite","Female"
"7","1910",3327000,"White","Male"
"7","1910",2992000,"White","Female"
"7","1910",364000,"NonWhite","Male"
"7","1910",348000,"NonWhite","Female"
"8","1910",3051000,"White","Male"
"8","1910",2729000,"White","Female"
"8","1910",348000,"NonWhite","Male"
"8","1910",325000,"NonWhite","Female"
"9","1910",2559000,"White","Male"
"9","1910",2261000,"White","Female"
"9","1910",253000,"NonWhite","Male"
"9","1910",233000,"NonWhite","Female"
"10","1910",2185000,"White","Male"
"10","1910",1915000,"White","Female"
"10","1910",222000,"NonWhite","Male"
"10","1910",194000,"NonWhite","Female"
"11","1910",1936000,"White","Male"
"11","1910",1652000,"White","Female"
"11","1910",197000,"NonWhite","Male"
"11","1910",153000,"NonWhite","Female"
"12","1910",1378000,"White","Male"
"12","1910",1210000,"White","Female"
"12","1910",126000,"NonWhite","Male"
"12","1910",99000,"NonWhite","Female"
"13","1910",1089000,"White","Male"
"13","1910",1e+06,"White","Female"
"13","1910",109000,"NonWhite","Male"
"13","1910",90000,"NonWhite","Female"
"14","1910",8e+05,"White","Male"
"14","1910",763000,"White","Female"
"14","1910",72000,"NonWhite","Male"
"14","1910",57000,"NonWhite","Female"
"15","1910",524000,"White","Male"
"15","1910",516000,"White","Female"
"15","1910",43000,"NonWhite","Male"
"15","1910",41000,"NonWhite","Female"
"16","1910",520000,"White","Male"
"16","1910",552000,"White","Female"
"16","1910",47000,"NonWhite","Male"
"16","1910",51000,"NonWhite","Female"
"1","1920",5288000,"White","Male"
"1","1920",5137000,"White","Female"
"1","1920",601000,"NonWhite","Male"
"1","1920",605000,"NonWhite","Female"
"2","1920",5164000,"White","Male"
"2","1920",5042000,"White","Female"
"2","1920",659000,"NonWhite","Male"
"2","1920",658000,"NonWhite","Female"
"3","1920",4732000,"White","Male"
"3","1920",4652000,"White","Female"
"3","1920",623000,"NonWhite","Male"
"3","1920",628000,"NonWhite","Female"
"4","1920",4210000,"White","Male"
"4","1920",4225000,"White","Female"
"4","1920",550000,"NonWhite","Male"
"4","1920",597000,"NonWhite","Female"
"5","1920",4027000,"White","Male"
"5","1920",4132000,"White","Female"
"5","1920",504000,"NonWhite","Male"
"5","1920",576000,"NonWhite","Female"
"6","1920",4177000,"White","Male"
"6","1920",4150000,"White","Female"
"6","1920",467000,"NonWhite","Male"
"6","1920",527000,"NonWhite","Female"
"7","1920",3778000,"White","Male"
"7","1920",3579000,"White","Female"
"7","1920",355000,"NonWhite","Male"
"7","1920",383000,"NonWhite","Female"
"8","1920",3723000,"White","Male"
"8","1920",3322000,"White","Female"
"8","1920",406000,"NonWhite","Male"
"8","1920",392000,"NonWhite","Female"
"9","1920",3081000,"White","Male"
"9","1920",2824000,"White","Female"
"9","1920",325000,"NonWhite","Male"
"9","1920",309000,"NonWhite","Female"
"10","1920",2736000,"White","Male"
"10","1920",2412000,"White","Female"
"10","1920",316000,"NonWhite","Male"
"10","1920",229000,"NonWhite","Female"
"11","1920",2334000,"White","Male"
"11","1920",2050000,"White","Female"
"11","1920",248000,"NonWhite","Male"
"11","1920",180000,"NonWhite","Female"
"12","1920",1752000,"White","Male"
"12","1920",1583000,"White","Female"
"12","1920",149000,"NonWhite","Male"
"12","1920",112000,"NonWhite","Female"
"13","1920",1483000,"White","Male"
"13","1920",1332000,"White","Female"
"13","1920",118000,"NonWhite","Male"
"13","1920",90000,"NonWhite","Female"
"14","1920",1003000,"White","Male"
"14","1920",933000,"White","Female"
"14","1920",81000,"NonWhite","Male"
"14","1920",61000,"NonWhite","Female"
"15","1920",661000,"White","Male"
"15","1920",645000,"White","Female"
"15","1920",50000,"NonWhite","Male"
"15","1920",46000,"NonWhite","Female"
"16","1920",638000,"White","Male"
"16","1920",705000,"White","Female"
"16","1920",52000,"NonWhite","Male"
"16","1920",54000,"NonWhite","Female"
"1","1930",5141135,"White","Male"
"1","1930",4931576,"White","Female"
"1","1930",645887,"NonWhite","Male"
"1","1930",653517,"NonWhite","Female"
"2","1930",5652454,"White","Male"
"2","1930",5488025,"White","Female"
"2","1930",721076,"NonWhite","Male"
"2","1930",728615,"NonWhite","Female"
"3","1930",5430491,"White","Male"
"3","1930",5295915,"White","Female"
"3","1930",654681,"NonWhite","Male"
"3","1930",659533,"NonWhite","Female"
"4","1930",5145183,"White","Male"
"4","1930",5125371,"White","Female"
"4","1930",625454,"NonWhite","Male"
"4","1930",676121,"NonWhite","Female"
"5","1930",4771523,"White","Male"
"5","1930",4885033,"White","Female"
"5","1930",591152,"NonWhite","Male"
"5","1930",667512,"NonWhite","Female"
"6","1930",4348841,"White","Male"
"6","1930",4411018,"White","Female"
"6","1930",539961,"NonWhite","Male"
"6","1930",594210,"NonWhite","Female"
"7","1930",4123626,"White","Male"
"7","1930",4104363,"White","Female"
"7","1930",448528,"NonWhite","Male"
"7","1930",468289,"NonWhite","Female"
"8","1930",4227564,"White","Male"
"8","1930",4061175,"White","Female"
"8","1930",454650,"NonWhite","Male"
"8","1930",475075,"NonWhite","Female"
"9","1930",3798861,"White","Male"
"9","1930",3522823,"White","Female"
"9","1930",367142,"NonWhite","Male"
"9","1930",363273,"NonWhite","Female"
"10","1930",3344574,"White","Male"
"10","1930",3071044,"White","Female"
"10","1930",343841,"NonWhite","Male"
"10","1930",316165,"NonWhite","Female"
"11","1930",2855535,"White","Male"
"11","1930",2629315,"White","Female"
"11","1930",297295,"NonWhite","Male"
"11","1930",237462,"NonWhite","Female"
"12","1930",2262096,"White","Male"
"12","1930",2102122,"White","Female"
"12","1930",190020,"NonWhite","Male"
"12","1930",143293,"NonWhite","Female"
"13","1930",1812811,"White","Male"
"13","1930",1709803,"White","Female"
"13","1930",142605,"NonWhite","Male"
"13","1930",113288,"NonWhite","Female"
"14","1930",1339672,"White","Male"
"14","1930",1288650,"White","Female"
"14","1930",89769,"NonWhite","Male"
"14","1930",76407,"NonWhite","Female"
"15","1930",943932,"White","Male"
"15","1930",916691,"White","Female"
"15","1930",54882,"NonWhite","Male"
"15","1930",50763,"NonWhite","Female"
"16","1930",870781,"White","Male"
"16","1930",946877,"White","Female"
"16","1930",60495,"NonWhite","Male"
"16","1930",66900,"NonWhite","Female"
"1","1940",4716875,"White","Male"
"1","1940",4543811,"White","Female"
"1","1940",655788,"NonWhite","Male"
"1","1940",662169,"NonWhite","Female"
"2","1940",4726914,"White","Male"
"2","1940",4566170,"White","Female"
"2","1940",674623,"NonWhite","Male"
"2","1940",680590,"NonWhite","Female"
"3","1940",5243196,"White","Male"
"3","1940",5077092,"White","Female"
"3","1940",694419,"NonWhite","Male"
"3","1940",700251,"NonWhite","Female"
"4","1940",5533801,"White","Male"
"4","1940",5441406,"White","Female"
"4","1940",663766,"NonWhite","Male"
"4","1940",703664,"NonWhite","Female"
"5","1940",5203317,"White","Male"
"5","1940",5237385,"White","Female"
"5","1940",580428,"NonWhite","Male"
"5","1940",669231,"NonWhite","Female"
"6","1940",4931192,"White","Male"
"6","1940",5029774,"White","Female"
"6","1940",560239,"NonWhite","Male"
"6","1940",635056,"NonWhite","Female"
"7","1940",4599851,"White","Male"
"7","1940",4651397,"White","Female"
"7","1940",497629,"NonWhite","Male"
"7","1940",540811,"NonWhite","Female"
"8","1940",4280335,"White","Male"
"8","1940",4283520,"White","Female"
"8","1940",493269,"NonWhite","Male"
"8","1940",539551,"NonWhite","Female"
"9","1940",4012363,"White","Male"
"9","1940",3956653,"White","Female"
"9","1940",426055,"NonWhite","Male"
"9","1940",429920,"NonWhite","Female"
"10","1940",3848150,"White","Male"
"10","1940",3698217,"White","Female"
"10","1940",369069,"NonWhite","Male"
"10","1940",358296,"NonWhite","Female"
"11","1940",3459152,"White","Male"
"11","1940",3241045,"White","Female"
"11","1940",303168,"NonWhite","Male"
"11","1940",277521,"NonWhite","Female"
"12","1940",2805395,"White","Male"
"12","1940",2654089,"White","Female"
"12","1940",234310,"NonWhite","Male"
"12","1940",209704,"NonWhite","Female"
"13","1940",2248986,"White","Male"
"13","1940",2199403,"White","Female"
"13","1940",180696,"NonWhite","Male"
"13","1940",161603,"NonWhite","Female"
"14","1940",1748899,"White","Male"
"14","1940",1774946,"White","Female"
"14","1940",135013,"NonWhite","Male"
"14","1940",122922,"NonWhite","Female"
"15","1940",1189486,"White","Male"
"15","1940",1225529,"White","Female"
"15","1940",88126,"NonWhite","Male"
"15","1940",81766,"NonWhite","Female"
"16","1940",1170426,"White","Male"
"16","1940",1330083,"White","Female"
"16","1940",77427,"NonWhite","Male"
"16","1940",86508,"NonWhite","Female"
"1","1950",7327659,"White","Male"
"1","1950",7020017,"White","Female"
"1","1950",1034317,"NonWhite","Male"
"1","1950",1027962,"NonWhite","Female"
"2","1950",5980241,"White","Male"
"2","1950",5730497,"White","Female"
"2","1950",830549,"NonWhite","Male"
"2","1950",833250,"NonWhite","Female"
"3","1950",4967807,"White","Male"
"3","1950",4773604,"White","Female"
"3","1950",738866,"NonWhite","Male"
"3","1950",732382,"NonWhite","Female"
"4","1950",4729677,"White","Male"
"4","1950",4615595,"White","Female"
"4","1950",651639,"NonWhite","Male"
"4","1950",678494,"NonWhite","Female"
"5","1950",5160584,"White","Male"
"5","1950",5168410,"White","Female"
"5","1950",633794,"NonWhite","Male"
"5","1950",717604,"NonWhite","Female"
"6","1950",5424223,"White","Male"
"6","1950",5576813,"White","Female"
"6","1950",646391,"NonWhite","Male"
"6","1950",714169,"NonWhite","Female"
"7","1950",5164033,"White","Male"
"7","1950",5305952,"White","Female"
"7","1950",568514,"NonWhite","Male"
"7","1950",635678,"NonWhite","Female"
"8","1950",5000986,"White","Male"
"8","1950",5122560,"White","Female"
"8","1950",583908,"NonWhite","Male"
"8","1950",639195,"NonWhite","Female"
"9","1950",4606851,"White","Male"
"9","1950",4641812,"White","Female"
"9","1950",513677,"NonWhite","Male"
"9","1950",527480,"NonWhite","Female"
"10","1950",4105935,"White","Male"
"10","1950",4112785,"White","Female"
"10","1950",459812,"NonWhite","Male"
"10","1950",463467,"NonWhite","Female"
"11","1950",3765123,"White","Male"
"11","1950",3788246,"White","Female"
"11","1950",384015,"NonWhite","Male"
"11","1950",373561,"NonWhite","Female"
"12","1950",3368920,"White","Male"
"12","1950",3367996,"White","Female"
"12","1950",287529,"NonWhite","Male"
"12","1950",268639,"NonWhite","Female"
"13","1950",2841481,"White","Male"
"13","1950",2840668,"White","Female"
"13","1950",216469,"NonWhite","Male"
"13","1950",204405,"NonWhite","Female"
"14","1950",2239812,"White","Male"
"14","1950",2381926,"White","Female"
"14","1950",207030,"NonWhite","Male"
"14","1950",220021,"NonWhite","Female"
"15","1950",1523696,"White","Male"
"15","1950",1682028,"White","Female"
"15","1950",119952,"NonWhite","Male"
"15","1950",118312,"NonWhite","Female"
"16","1950",1641077,"White","Male"
"16","1950",2006503,"White","Female"
"16","1950",124445,"NonWhite","Male"
"16","1950",132374,"NonWhite","Female"
"1","1960",8855564,"White","Male"
"1","1960",8517156,"White","Female"
"1","1960",1483216,"NonWhite","Male"
"1","1960",1485313,"NonWhite","Female"
"2","1960",8252472,"White","Male"
"2","1960",7933261,"White","Female"
"2","1960",1312067,"NonWhite","Male"
"2","1960",1312217,"NonWhite","Female"
"3","1960",7522388,"White","Male"
"3","1960",7244343,"White","Female"
"3","1960",1080061,"NonWhite","Male"
"3","1960",1078689,"NonWhite","Female"
"4","1960",5993185,"White","Male"
"4","1960",5819061,"White","Female"
"4","1960",809317,"NonWhite","Male"
"4","1960",820614,"NonWhite","Female"
"5","1960",4919442,"White","Male"
"5","1960",4856793,"White","Female"
"5","1960",649199,"NonWhite","Male"
"5","1960",708743,"NonWhite","Female"
"6","1960",4803073,"White","Male"
"6","1960",4812371,"White","Female"
"6","1960",620111,"NonWhite","Male"
"6","1960",700072,"NonWhite","Female"
"7","1960",5269601,"White","Male"
"7","1960",5345586,"White","Female"
"7","1960",634626,"NonWhite","Male"
"7","1960",733090,"NonWhite","Female"
"8","1960",5501634,"White","Male"
"8","1960",5692550,"White","Female"
"8","1960",638330,"NonWhite","Male"
"8","1960",709958,"NonWhite","Female"
"9","1960",5169332,"White","Male"
"9","1960",5325293,"White","Female"
"9","1960",563122,"NonWhite","Male"
"9","1960",621144,"NonWhite","Female"
"10","1960",4848612,"White","Male"
"10","1960",4968925,"White","Female"
"10","1960",530660,"NonWhite","Male"
"10","1960",565811,"NonWhite","Female"
"11","1960",4311181,"White","Male"
"11","1960",4433758,"White","Female"
"11","1960",451688,"NonWhite","Male"
"11","1960",467487,"NonWhite","Female"
"12","1960",3745133,"White","Male"
"12","1960",3919072,"White","Female"
"12","1960",399787,"NonWhite","Male"
"12","1960",406906,"NonWhite","Female"
"13","1960",3123868,"White","Male"
"13","1960",3433991,"White","Female"
"13","1960",289723,"NonWhite","Male"
"13","1960",306531,"NonWhite","Female"
"14","1960",2687241,"White","Male"
"14","1960",3068566,"White","Female"
"14","1960",249108,"NonWhite","Male"
"14","1960",275197,"NonWhite","Female"
"15","1960",2028208,"White","Male"
"15","1960",2393108,"White","Female"
"15","1960",168462,"NonWhite","Male"
"15","1960",183583,"NonWhite","Female"
"16","1960",2226053,"White","Male"
"16","1960",3001852,"White","Female"
"16","1960",183047,"NonWhite","Male"
"16","1960",210606,"NonWhite","Female"
"1","1970",7398313,"White","Male"
"1","1970",7070876,"White","Female"
"1","1970",1352814,"NonWhite","Male"
"1","1970",1344188,"NonWhite","Female"
"2","1970",8630762,"White","Male"
"2","1970",8257608,"White","Female"
"2","1970",1520933,"NonWhite","Male"
"2","1970",1510134,"NonWhite","Female"
"3","1970",9074126,"White","Male"
"3","1970",8685987,"White","Female"
"3","1970",1548341,"NonWhite","Male"
"3","1970",1544389,"NonWhite","Female"
"4","1970",8464219,"White","Male"
"4","1970",8158125,"White","Female"
"4","1970",1351750,"NonWhite","Male"
"4","1970",1359003,"NonWhite","Female"
"5","1970",7610146,"White","Male"
"5","1970",7435143,"White","Female"
"5","1970",1044793,"NonWhite","Male"
"5","1970",1112024,"NonWhite","Female"
"6","1970",6039133,"White","Male"
"6","1970",6028078,"White","Female"
"6","1970",781961,"NonWhite","Male"
"6","1970",886976,"NonWhite","Female"
"7","1970",5039852,"White","Male"
"7","1970",5085116,"White","Female"
"7","1970",675707,"NonWhite","Male"
"7","1970",786709,"NonWhite","Female"
"8","1970",4846671,"White","Male"
"8","1970",4933776,"White","Female"
"8","1970",628213,"NonWhite","Male"
"8","1970",746016,"NonWhite","Female"
"9","1970",5225255,"White","Male"
"9","1970",5407468,"White","Female"
"9","1970",621422,"NonWhite","Male"
"9","1970",740831,"NonWhite","Female"
"10","1970",5283777,"White","Male"
"10","1970",5602799,"White","Female"
"10","1970",589487,"NonWhite","Male"
"10","1970",674564,"NonWhite","Female"
"11","1970",4865723,"White","Male"
"11","1970",5199271,"White","Female"
"11","1970",513974,"NonWhite","Male"
"11","1970",586807,"NonWhite","Female"
"12","1970",4333300,"White","Male"
"12","1970",4718687,"White","Female"
"12","1970",447922,"NonWhite","Male"
"12","1970",506567,"NonWhite","Female"
"13","1970",3671951,"White","Male"
"13","1970",4188060,"White","Female"
"13","1970",379920,"NonWhite","Male"
"13","1970",435778,"NonWhite","Female"
"14","1970",2829390,"White","Male"
"14","1970",3512766,"White","Female"
"14","1970",309407,"NonWhite","Male"
"14","1970",374686,"NonWhite","Female"
"15","1970",2113868,"White","Male"
"15","1970",2888322,"White","Female"
"15","1970",208229,"NonWhite","Male"
"15","1970",256322,"NonWhite","Female"
"16","1970",2712127,"White","Male"
"16","1970",4333338,"White","Female"
"16","1970",240390,"NonWhite","Male"
"16","1970",327884,"NonWhite","Female"
"1","1980",6881855,"White","Male"
"1","1980",6532089,"White","Female"
"1","1980",1315398,"NonWhite","Male"
"1","1980",1293075,"NonWhite","Female"
"2","1980",7033571,"White","Male"
"2","1980",6683009,"White","Female"
"2","1980",1338858,"NonWhite","Male"
"2","1980",1316999,"NonWhite","Female"
"3","1980",7729768,"White","Male"
"3","1980",7365022,"White","Female"
"3","1980",1432254,"NonWhite","Male"
"3","1980",1414883,"NonWhite","Female"
"4","1980",9008328,"White","Male"
"4","1980",8672664,"White","Female"
"4","1980",1586480,"NonWhite","Male"
"4","1980",1590504,"NonWhite","Female"
"5","1980",9101791,"White","Male"
"5","1980",8969864,"White","Female"
"5","1980",1387982,"NonWhite","Male"
"5","1980",1510560,"NonWhite","Female"
"6","1980",8363020,"White","Male"
"6","1980",8294745,"White","Female"
"6","1980",1156584,"NonWhite","Male"
"6","1980",1310289,"NonWhite","Female"
"7","1980",7565054,"White","Male"
"7","1980",7591923,"White","Female"
"7","1980",930963,"NonWhite","Male"
"7","1980",1080296,"NonWhite","Female"
"8","1980",6013931,"White","Male"
"8","1980",6107932,"White","Female"
"8","1980",708557,"NonWhite","Male"
"8","1980",844300,"NonWhite","Female"
"9","1980",4990896,"White","Male"
"9","1980",5118963,"White","Female"
"9","1980",604493,"NonWhite","Male"
"9","1980",725011,"NonWhite","Female"
"10","1980",4755246,"White","Male"
"10","1980",4938114,"White","Female"
"10","1980",546616,"NonWhite","Male"
"10","1980",661752,"NonWhite","Female"
"11","1980",5015878,"White","Male"
"11","1980",5344217,"White","Female"
"11","1980",532235,"NonWhite","Male"
"11","1980",654347,"NonWhite","Female"
"12","1980",4928406,"White","Male"
"12","1980",5465709,"White","Female"
"12","1980",489976,"NonWhite","Male"
"12","1980",596318,"NonWhite","Female"
"13","1980",4220722,"White","Male"
"13","1980",4857604,"White","Female"
"13","1980",402450,"NonWhite","Male"
"13","1980",505569,"NonWhite","Female"
"14","1980",3517015,"White","Male"
"14","1980",4375181,"White","Female"
"14","1980",345497,"NonWhite","Male"
"14","1980",462155,"NonWhite","Female"
"15","1980",2578049,"White","Male"
"15","1980",3575071,"White","Female"
"15","1980",243672,"NonWhite","Male"
"15","1980",341151,"NonWhite","Female"
"16","1980",3220808,"White","Male"
"16","1980",5896118,"White","Female"
"16","1980",292562,"NonWhite","Male"
"16","1980",482028,"NonWhite","Female"
"1","1990",7674840,"White","Male"
"1","1990",7285286,"White","Female"
"1","1990",1598438,"NonWhite","Male"
"1","1990",1561397,"NonWhite","Female"
"2","1990",7444026,"White","Male"
"2","1990",7058274,"White","Female"
"2","1990",1477801,"NonWhite","Male"
"2","1990",1442960,"NonWhite","Female"
"3","1990",7022591,"White","Male"
"3","1990",6647468,"White","Female"
"3","1990",1428485,"NonWhite","Male"
"3","1990",1397713,"NonWhite","Female"
"4","1990",7379551,"White","Male"
"4","1990",6971165,"White","Female"
"4","1990",1469147,"NonWhite","Male"
"4","1990",1436032,"NonWhite","Female"
"5","1990",8009507,"White","Male"
"5","1990",7627737,"White","Female"
"5","1990",1391783,"NonWhite","Male"
"5","1990",1442030,"NonWhite","Female"
"6","1990",8926907,"White","Male"
"6","1990",8711431,"White","Female"
"6","1990",1417097,"NonWhite","Male"
"6","1990",1550452,"NonWhite","Female"
"7","1990",9144433,"White","Male"
"7","1990",9045345,"White","Female"
"7","1990",1358164,"NonWhite","Male"
"7","1990",1540058,"NonWhite","Female"
"8","1990",8342551,"White","Male"
"8","1990",8309266,"White","Female"
"8","1990",1170445,"NonWhite","Male"
"8","1990",1345893,"NonWhite","Female"
"9","1990",7476422,"White","Male"
"9","1990",7524857,"White","Female"
"9","1990",932112,"NonWhite","Male"
"9","1990",1081272,"NonWhite","Female"
"10","1990",5851065,"White","Male"
"10","1990",5974969,"White","Female"
"10","1990",693182,"NonWhite","Male"
"10","1990",819510,"NonWhite","Female"
"11","1990",4773156,"White","Male"
"11","1990",4971303,"White","Female"
"11","1990",568278,"NonWhite","Male"
"11","1990",688027,"NonWhite","Female"
"12","1990",4404374,"White","Male"
"12","1990",4726477,"White","Female"
"12","1990",490272,"NonWhite","Male"
"12","1990",614189,"NonWhite","Female"
"13","1990",4408987,"White","Male"
"13","1990",4971615,"White","Female"
"13","1990",443107,"NonWhite","Male"
"13","1990",581731,"NonWhite","Female"
"14","1990",4047535,"White","Male"
"14","1990",4936443,"White","Female"
"14","1990",380311,"NonWhite","Male"
"14","1990",522757,"NonWhite","Female"
"15","1990",3079801,"White","Male"
"15","1990",4111212,"White","Female"
"15","1990",265726,"NonWhite","Male"
"15","1990",402182,"NonWhite","Female"
"16","1990",4157071,"White","Male"
"16","1990",7688500,"White","Female"
"16","1990",359773,"NonWhite","Male"
"16","1990",677625,"NonWhite","Female"
"1","2000",7518333,"White","Male"
"1","2000",7138252,"White","Female"
"1","2000",2292574,"NonWhite","Male"
"1","2000",2226995,"NonWhite","Female"
"2","2000",8052564,"White","Male"
"2","2000",7635145,"White","Female"
"2","2000",2470915,"NonWhite","Male"
"2","2000",2391231,"NonWhite","Female"
"3","2000",8137785,"White","Male"
"3","2000",7704715,"White","Female"
"3","2000",2382607,"NonWhite","Male"
"3","2000",2303318,"NonWhite","Female"
"4","2000",8124128,"White","Male"
"4","2000",7620729,"White","Female"
"4","2000",2266638,"NonWhite","Male"
"4","2000",2207287,"NonWhite","Female"
"5","2000",7651430,"White","Male"
"5","2000",7174456,"White","Female"
"5","2000",2036076,"NonWhite","Male"
"5","2000",2101002,"NonWhite","Female"
"6","2000",7789718,"White","Male"
"6","2000",7427716,"White","Female"
"6","2000",2009379,"NonWhite","Male"
"6","2000",2154979,"NonWhite","Female"
"7","2000",8325603,"White","Male"
"7","2000",8023216,"White","Female"
"7","2000",1996663,"NonWhite","Male"
"7","2000",2165585,"NonWhite","Female"
"8","2000",9257089,"White","Male"
"8","2000",9114425,"White","Female"
"8","2000",2062121,"NonWhite","Male"
"8","2000",2273755,"NonWhite","Female"
"9","2000",9196313,"White","Male"
"9","2000",9150030,"White","Female"
"9","2000",1933201,"NonWhite","Male"
"9","2000",2162898,"NonWhite","Female"
"10","2000",8268304,"White","Male"
"10","2000",8346554,"White","Female"
"10","2000",1621407,"NonWhite","Male"
"10","2000",1856446,"NonWhite","Female"
"11","2000",7314657,"White","Male"
"11","2000",7478966,"White","Female"
"11","2000",1293257,"NonWhite","Male"
"11","2000",1498944,"NonWhite","Female"
"12","2000",5597391,"White","Male"
"12","2000",5881319,"White","Female"
"12","2000",911444,"NonWhite","Male"
"12","2000",1079271,"NonWhite","Female"
"13","2000",4419581,"White","Male"
"13","2000",4794083,"White","Female"
"13","2000",717127,"NonWhite","Male"
"13","2000",874784,"NonWhite","Female"
"14","2000",3842875,"White","Male"
"14","2000",4395519,"White","Female"
"14","2000",557554,"NonWhite","Male"
"14","2000",737703,"NonWhite","Female"
"15","2000",3471737,"White","Male"
"15","2000",4327177,"White","Female"
"15","2000",431232,"NonWhite","Male"
"15","2000",627387,"NonWhite","Female"
"16","2000",5510620,"White","Male"
"16","2000",9416068,"White","Female"
"16","2000",595805,"NonWhite","Male"
"16","2000",1078517,"NonWhite","Female"
"1","2010",7521423,"White","Male"
"1","2010",7169084,"White","Female"
"1","2010",2798004,"NonWhite","Male"
"1","2010",2712851,"NonWhite","Female"
"2","2010",7705715,"White","Male"
"2","2010",7338075,"White","Female"
"2","2010",2683923,"NonWhite","Male"
"2","2010",2620944,"NonWhite","Female"
"3","2010",7901832,"White","Male"
"3","2010",7497140,"White","Female"
"3","2010",2678030,"NonWhite","Male"
"3","2010",2600192,"NonWhite","Female"
"4","2010",8408391,"White","Male"
"4","2010",7937864,"White","Female"
"4","2010",2895275,"NonWhite","Male"
"4","2010",2798813,"NonWhite","Female"
"5","2010",8350986,"White","Male"
"5","2010",7894693,"White","Female"
"5","2010",2663190,"NonWhite","Male"
"5","2010",2677130,"NonWhite","Female"
"6","2010",8202631,"White","Male"
"6","2010",7857872,"White","Female"
"6","2010",2432960,"NonWhite","Male"
"6","2010",2608386,"NonWhite","Female"
"7","2010",7722466,"White","Male"
"7","2010",7461564,"White","Female"
"7","2010",2274034,"NonWhite","Male"
"7","2010",2504035,"NonWhite","Female"
"8","2010",7813703,"White","Male"
"8","2010",7659196,"White","Female"
"8","2010",2228319,"NonWhite","Male"
"8","2010",2478424,"NonWhite","Female"
"9","2010",8234026,"White","Male"
"9","2010",8107290,"White","Female"
"9","2010",2159951,"NonWhite","Male"
"9","2010",2389697,"NonWhite","Female"
"10","2010",9030996,"White","Male"
"10","2010",9071931,"White","Female"
"10","2010",2178089,"NonWhite","Male"
"10","2010",2427575,"NonWhite","Female"
"11","2010",8921642,"White","Male"
"11","2010",9086671,"White","Female"
"11","2010",2011632,"NonWhite","Male"
"11","2010",2278180,"NonWhite","Female"
"12","2010",7905694,"White","Male"
"12","2010",8237780,"White","Female"
"12","2010",1617954,"NonWhite","Male"
"12","2010",1903377,"NonWhite","Female"
"13","2010",6841051,"White","Male"
"13","2010",7247819,"White","Female"
"13","2010",1236449,"NonWhite","Male"
"13","2010",1492605,"NonWhite","Female"
"14","2010",5023639,"White","Male"
"14","2010",5540089,"White","Female"
"14","2010",828908,"NonWhite","Male"
"14","2010",1042627,"NonWhite","Female"
"15","2010",3656614,"White","Male"
"15","2010",4253820,"White","Female"
"15","2010",587358,"NonWhite","Male"
"15","2010",780374,"NonWhite","Female"
"16","2010",6458111,"White","Male"
"16","2010",9877253,"White","Female"
"16","2010",808330,"NonWhite","Male"
"16","2010",1410861,"NonWhite","Female"
